ID,Count
2013040100,466
2013040101,399
2013040102,349
2013040103,314
2013040104,292
2013040105,281
2013040106,280
2013040107,287
2013040108,301
2013040109,319
2013040110,340
2013040111,363
2013040112,387
2013040113,409
2013040114,429
2013040115,446
2013040116,459
2013040117,468
2013040118,473
2013040119,473
2013040120,470
2013040121,464
2013040122,456
2013040123,449
2013040200,483
2013040201,415
2013040202,364
2013040203,328
2013040204,305
2013040205,294
2013040206,293
2013040207,301
2013040208,314
2013040209,333
2013040210,355
2013040211,379
2013040212,403
2013040213,426
2013040214,447
2013040215,465
2013040216,480
2013040217,490
2013040218,496
2013040219,497
2013040220,495
2013040221,490
2013040222,484
2013040223,478
2013040300,498
2013040301,429
2013040302,377
2013040303,340
2013040304,317
2013040305,306
2013040306,305
2013040307,312
2013040308,326
2013040309,346
2013040310,368
2013040311,393
2013040312,418
2013040313,441
2013040314,463
2013040315,482
2013040316,497
2013040317,509
2013040318,515
2013040319,518
2013040320,517
2013040321,513
2013040322,508
2013040323,502
2013040400,511
2013040401,441
2013040402,388
2013040403,351
2013040404,327
2013040405,316
2013040406,315
2013040407,322
2013040408,337
2013040409,356
2013040410,379
2013040411,404
2013040412,430
2013040413,455
2013040414,477
2013040415,497
2013040416,513
2013040417,525
2013040418,532
2013040419,536
2013040420,536
2013040421,533
2013040422,528
2013040423,523
2013040500,522
2013040501,452
2013040502,398
2013040503,360
2013040504,336
2013040505,325
2013040506,324
2013040507,331
2013040508,346
2013040509,366
2013040510,389
2013040511,415
2013040512,441
2013040513,466
2013040514,489
2013040515,510
2013040516,526
2013040517,539
2013040518,547
2013040519,551
2013040520,552
2013040521,550
2013040522,546
2013040523,541
2013040600,532
2013040601,461
2013040602,407
2013040603,368
2013040604,344
2013040605,332
2013040606,331
2013040607,339
2013040608,354
2013040609,374
2013040610,398
2013040611,424
2013040612,450
2013040613,476
2013040614,500
2013040615,521
2013040616,538
2013040617,551
2013040618,560
2013040619,565
2013040620,566
2013040621,564
2013040622,560
2013040623,557
2013040700,541
2013040701,469
2013040702,414
2013040703,375
2013040704,351
2013040705,339
2013040706,338
2013040707,345
2013040708,360
2013040709,381
2013040710,405
2013040711,432
2013040712,459
2013040713,485
2013040714,509
2013040715,531
2013040716,548
2013040717,562
2013040718,572
2013040719,577
2013040720,578
2013040721,577
2013040722,573
2013040723,570
2013040800,549
2013040801,476
2013040802,420
2013040803,381
2013040804,356
2013040805,344
2013040806,343
2013040807,351
2013040808,367
2013040809,387
2013040810,412
2013040811,439
2013040812,466
2013040813,493
2013040814,518
2013040815,539
2013040816,558
2013040817,572
2013040818,582
2013040819,587
2013040820,589
2013040821,588
2013040822,585
2013040823,581
2013040900,555
2013040901,482
2013040902,426
2013040903,386
2013040904,362
2013040905,349
2013040906,348
2013040907,356
2013040908,372
2013040909,393
2013040910,418
2013040911,445
2013040912,473
2013040913,500
2013040914,525
2013040915,547
2013040916,566
2013040917,580
2013040918,590
2013040919,596
2013040920,598
2013040921,597
2013040922,594
2013040923,591
2013041000,561
2013041001,487
2013041002,431
2013041003,391
2013041004,366
2013041005,354
2013041006,353
2013041007,361
2013041008,377
2013041009,398
2013041010,423
2013041011,451
2013041012,479
2013041013,506
2013041014,532
2013041015,554
2013041016,573
2013041017,588
2013041018,598
2013041019,604
2013041020,607
2013041021,606
2013041022,603
2013041023,600
2013041100,566
2013041101,491
2013041102,435
2013041103,395
2013041104,370
2013041105,358
2013041106,357
2013041107,365
2013041108,381
2013041109,403
2013041110,428
2013041111,456
2013041112,484
2013041113,512
2013041114,538
2013041115,561
2013041116,580
2013041117,595
2013041118,606
2013041119,612
2013041120,614
2013041121,613
2013041122,610
2013041123,607
2013041200,569
2013041201,495
2013041202,438
2013041203,398
2013041204,373
2013041205,361
2013041206,360
2013041207,369
2013041208,385
2013041209,407
2013041210,433
2013041211,461
2013041212,489
2013041213,517
2013041214,544
2013041215,567
2013041216,586
2013041217,602
2013041218,612
2013041219,619
2013041220,621
2013041221,620
2013041222,617
2013041223,614
2013041300,573
2013041301,498
2013041302,441
2013041303,401
2013041304,376
2013041305,364
2013041306,363
2013041307,372
2013041308,388
2013041309,410
2013041310,437
2013041311,465
2013041312,494
2013041313,522
2013041314,549
2013041315,572
2013041316,592
2013041317,607
2013041318,618
2013041319,625
2013041320,627
2013041321,626
2013041322,623
2013041323,620
2013041400,575
2013041401,500
2013041402,443
2013041403,403
2013041404,378
2013041405,366
2013041406,366
2013041407,375
2013041408,391
2013041409,414
2013041410,440
2013041411,469
2013041412,498
2013041413,527
2013041414,554
2013041415,577
2013041416,597
2013041417,613
2013041418,624
2013041419,630
2013041420,633
2013041421,632
2013041422,629
2013041423,625
2013041500,577
2013041501,502
2013041502,445
2013041503,404
2013041504,380
2013041505,368
2013041506,368
2013041507,377
2013041508,394
2013041509,417
2013041510,443
2013041511,472
2013041512,502
2013041513,531
2013041514,558
2013041515,582
2013041516,602
2013041517,618
2013041518,629
2013041519,635
2013041520,638
2013041521,637
2013041522,634
2013041523,630
2013041600,579
2013041601,503
2013041602,446
2013041603,406
2013041604,381
2013041605,369
2013041606,369
2013041607,379
2013041608,396
2013041609,419
2013041610,446
2013041611,475
2013041612,505
2013041613,535
2013041614,562
2013041615,586
2013041616,606
2013041617,622
2013041618,633
2013041619,640
2013041620,642
2013041621,641
2013041622,638
2013041623,635
2013041700,579
2013041701,503
2013041702,446
2013041703,406
2013041704,382
2013041705,370
2013041706,370
2013041707,380
2013041708,398
2013041709,421
2013041710,448
2013041711,478
2013041712,508
2013041713,538
2013041714,565
2013041715,589
2013041716,610
2013041717,626
2013041718,637
2013041719,644
2013041720,647
2013041721,646
2013041722,642
2013041723,639
2013041800,579
2013041801,503
2013041802,446
2013041803,406
2013041804,382
2013041805,371
2013041806,371
2013041807,381
2013041808,399
2013041809,422
2013041810,450
2013041811,480
2013041812,510
2013041813,540
2013041814,568
2013041815,592
2013041816,613
2013041817,629
2013041818,641
2013041819,648
2013041820,650
2013041821,649
2013041822,646
2013041823,642
2013041900,579
2013041901,503
2013041902,446
2013041903,406
2013041904,381
2013041905,370
2013041906,371
2013041907,381
2013041908,399
2013041909,423
2013041910,451
2013041911,481
2013041912,512
2013041913,542
2013041914,570
2013041915,595
2013041916,616
2013041917,632
2013041918,644
2013041919,651
2013041920,653
2013041921,652
2013041922,649
2013041923,645
2013042000,578
2013042001,502
2013042002,445
2013042003,405
2013042004,380
2013042005,370
2013042006,370
2013042007,381
2013042008,399
2013042009,423
2013042010,451
2013042011,482
2013042012,513
2013042013,543
2013042014,571
2013042015,596
2013042016,617
2013042017,634
2013042018,646
2013042019,653
2013042020,656
2013042021,655
2013042022,652
2013042023,648
2013042100,577
2013042101,500
2013042102,443
2013042103,403
2013042104,379
2013042105,368
2013042106,369
2013042107,380
2013042108,398
2013042109,422
2013042110,451
2013042111,481
2013042112,513
2013042113,543
2013042114,572
2013042115,597
2013042116,618
2013042117,635
2013042118,647
2013042119,654
2013042120,657
2013042121,656
2013042122,653
2013042123,650
2013042200,574
2013042201,498
2013042202,441
2013042203,401
2013042204,376
2013042205,366
2013042206,367
2013042207,378
2013042208,396
2013042209,421
2013042210,449
2013042211,480
2013042212,512
2013042213,542
2013042214,571
2013042215,597
2013042216,618
2013042217,635
2013042218,647
2013042219,655
2013042220,658
2013042221,657
2013042222,654
2013042223,651
2013042300,572
2013042301,495
2013042302,437
2013042303,397
2013042304,373
2013042305,362
2013042306,364
2013042307,375
2013042308,393
2013042309,418
2013042310,447
2013042311,478
2013042312,509
2013042313,540
2013042314,569
2013042315,595
2013042316,617
2013042317,634
2013042318,646
2013042319,654
2013042320,657
2013042321,657
2013042322,654
2013042323,651
2013042400,569
2013042401,492
2013042402,434
2013042403,394
2013042404,369
2013042405,358
2013042406,360
2013042407,371
2013042408,389
2013042409,414
2013042410,443
2013042411,474
2013042412,506
2013042413,537
2013042414,566
2013042415,592
2013042416,614
2013042417,631
2013042418,644
2013042419,652
2013042420,655
2013042421,655
2013042422,653
2013042423,650
2013042500,565
2013042501,487
2013042502,429
2013042503,389
2013042504,364
2013042505,353
2013042506,354
2013042507,365
2013042508,384
2013042509,409
2013042510,438
2013042511,469
2013042512,501
2013042513,532
2013042514,561
2013042515,588
2013042516,610
2013042517,627
2013042518,640
2013042519,648
2013042520,652
2013042521,652
2013042522,650
2013042523,648
2013042600,561
2013042601,483
2013042602,424
2013042603,383
2013042604,358
2013042605,347
2013042606,348
2013042607,359
2013042608,378
2013042609,402
2013042610,431
2013042611,462
2013042612,495
2013042613,526
2013042614,555
2013042615,581
2013042616,604
2013042617,622
2013042618,635
2013042619,643
2013042620,647
2013042621,648
2013042622,646
2013042623,644
2013042700,556
2013042701,477
2013042702,418
2013042703,377
2013042704,351
2013042705,340
2013042706,340
2013042707,351
2013042708,370
2013042709,394
2013042710,423
2013042711,454
2013042712,486
2013042713,518
2013042714,547
2013042715,573
2013042716,596
2013042717,614
2013042718,627
2013042719,636
2013042720,640
2013042721,642
2013042722,640
2013042723,639
2013042800,551
2013042801,472
2013042802,412
2013042803,369
2013042804,343
2013042805,332
2013042806,332
2013042807,342
2013042808,360
2013042809,384
2013042810,413
2013042811,444
2013042812,476
2013042813,507
2013042814,537
2013042815,563
2013042816,586
2013042817,604
2013042818,618
2013042819,627
2013042820,632
2013042821,633
2013042822,633
2013042823,632
2013042900,546
2013042901,465
2013042902,404
2013042903,361
2013042904,334
2013042905,322
2013042906,321
2013042907,331
2013042908,349
2013042909,373
2013042910,401
2013042911,432
2013042912,464
2013042913,495
2013042914,524
2013042915,551
2013042916,573
2013042917,592
2013042918,606
2013042919,615
2013042920,620
2013042921,622
2013042922,622
2013042923,622
2013043000,540
2013043001,458
2013043002,396
2013043003,352
2013043004,324
2013043005,311
2013043006,310
2013043007,319
2013043008,336
2013043009,359
2013043010,387
2013043011,418
2013043012,449
2013043013,480
2013043014,509
2013043015,536
2013043016,559
2013043017,577
2013043018,591
2013043019,601
2013043020,607
2013043021,609
2013043022,610
2013043023,610
2013050100,464
2013050101,395
2013050102,343
2013050103,305
2013050104,282
2013050105,270
2013050106,269
2013050107,276
2013050108,290
2013050109,309
2013050110,331
2013050111,356
2013050112,380
2013050113,404
2013050114,426
2013050115,445
2013050116,460
2013050117,471
2013050118,477
2013050119,479
2013050120,477
2013050121,472
2013050122,465
2013050123,458
2013050200,483
2013050201,413
2013050202,360
2013050203,322
2013050204,298
2013050205,286
2013050206,285
2013050207,292
2013050208,307
2013050209,326
2013050210,349
2013050211,374
2013050212,400
2013050213,425
2013050214,448
2013050215,467
2013050216,484
2013050217,495
2013050218,503
2013050219,506
2013050220,505
2013050221,502
2013050222,496
2013050223,490
2013050300,499
2013050301,428
2013050302,374
2013050303,336
2013050304,312
2013050305,300
2013050306,298
2013050307,306
2013050308,321
2013050309,341
2013050310,365
2013050311,390
2013050312,417
2013050313,442
2013050314,466
2013050315,487
2013050316,504
2013050317,517
2013050318,525
2013050319,530
2013050320,530
2013050321,527
2013050322,522
2013050323,517
2013050400,514
2013050401,441
2013050402,387
2013050403,348
2013050404,323
2013050405,311
2013050406,310
2013050407,318
2013050408,333
2013050409,354
2013050410,378
2013050411,404
2013050412,431
2013050413,458
2013050414,482
2013050415,504
2013050416,522
2013050417,536
2013050418,545
2013050419,550
2013050420,551
2013050421,549
2013050422,545
2013050423,541
2013050500,526
2013050501,453
2013050502,397
2013050503,358
2013050504,333
2013050505,321
2013050506,320
2013050507,328
2013050508,343
2013050509,364
2013050510,389
2013050511,416
2013050512,444
2013050513,471
2013050514,496
2013050515,518
2013050516,537
2013050517,552
2013050518,562
2013050519,567
2013050520,569
2013050521,568
2013050522,564
2013050523,561
2013050600,536
2013050601,462
2013050602,406
2013050603,367
2013050604,342
2013050605,330
2013050606,329
2013050607,337
2013050608,352
2013050609,374
2013050610,399
2013050611,427
2013050612,455
2013050613,482
2013050614,508
2013050615,531
2013050616,550
2013050617,566
2013050618,576
2013050619,582
2013050620,585
2013050621,584
2013050622,581
2013050623,577
2013050700,545
2013050701,470
2013050702,414
2013050703,374
2013050704,349
2013050705,337
2013050706,336
2013050707,344
2013050708,360
2013050709,382
2013050710,407
2013050711,435
2013050712,464
2013050713,492
2013050714,519
2013050715,542
2013050716,562
2013050717,578
2013050718,589
2013050719,595
2013050720,598
2013050721,598
2013050722,595
2013050723,592
2013050800,552
2013050801,477
2013050802,420
2013050803,380
2013050804,355
2013050805,343
2013050806,342
2013050807,350
2013050808,367
2013050809,389
2013050810,415
2013050811,443
2013050812,472
2013050813,501
2013050814,528
2013050815,552
2013050816,572
2013050817,588
2013050818,600
2013050819,607
2013050820,610
2013050821,609
2013050822,607
2013050823,604
2013050900,558
2013050901,483
2013050902,425
2013050903,385
2013050904,360
2013050905,348
2013050906,347
2013050907,356
2013050908,372
2013050909,395
2013050910,421
2013050911,450
2013050912,480
2013050913,509
2013050914,536
2013050915,560
2013050916,581
2013050917,597
2013050918,609
2013050919,617
2013050920,620
2013050921,620
2013050922,617
2013050923,614
2013051000,563
2013051001,487
2013051002,430
2013051003,389
2013051004,364
2013051005,352
2013051006,351
2013051007,360
2013051008,377
2013051009,400
2013051010,427
2013051011,456
2013051012,486
2013051013,515
2013051014,543
2013051015,568
2013051016,589
2013051017,606
2013051018,618
2013051019,625
2013051020,629
2013051021,629
2013051022,626
2013051023,623
2013051100,567
2013051101,491
2013051102,433
2013051103,392
2013051104,367
2013051105,355
2013051106,355
2013051107,364
2013051108,381
2013051109,404
2013051110,431
2013051111,461
2013051112,491
2013051113,521
2013051114,549
2013051115,574
2013051116,596
2013051117,613
2013051118,625
2013051119,633
2013051120,636
2013051121,636
2013051122,634
2013051123,631
2013051200,570
2013051201,493
2013051202,435
2013051203,395
2013051204,369
2013051205,358
2013051206,357
2013051207,367
2013051208,384
2013051209,408
2013051210,435
2013051211,465
2013051212,496
2013051213,527
2013051214,555
2013051215,580
2013051216,602
2013051217,619
2013051218,632
2013051219,640
2013051220,643
2013051221,643
2013051222,641
2013051223,638
2013051300,572
2013051301,495
2013051302,437
2013051303,396
2013051304,371
2013051305,360
2013051306,360
2013051307,370
2013051308,387
2013051309,411
2013051310,439
2013051311,469
2013051312,501
2013051313,531
2013051314,560
2013051315,585
2013051316,607
2013051317,625
2013051318,637
2013051319,645
2013051320,649
2013051321,649
2013051322,647
2013051323,643
2013051400,573
2013051401,496
2013051402,438
2013051403,398
2013051404,372
2013051405,361
2013051406,361
2013051407,371
2013051408,390
2013051409,414
2013051410,442
2013051411,473
2013051412,504
2013051413,535
2013051414,564
2013051415,590
2013051416,612
2013051417,630
2013051418,643
2013051419,651
2013051420,654
2013051421,654
2013051422,652
2013051423,648
2013051500,574
2013051501,497
2013051502,439
2013051503,398
2013051504,373
2013051505,362
2013051506,362
2013051507,373
2013051508,391
2013051509,416
2013051510,444
2013051511,475
2013051512,507
2013051513,539
2013051514,568
2013051515,594
2013051516,616
2013051517,634
2013051518,647
2013051519,655
2013051520,659
2013051521,659
2013051522,656
2013051523,653
2013051600,574
2013051601,496
2013051602,438
2013051603,398
2013051604,373
2013051605,362
2013051606,363
2013051607,374
2013051608,392
2013051609,417
2013051610,446
2013051611,478
2013051612,510
2013051613,541
2013051614,571
2013051615,597
2013051616,620
2013051617,638
2013051618,651
2013051619,659
2013051620,663
2013051621,663
2013051622,660
2013051623,656
2013051700,573
2013051701,496
2013051702,438
2013051703,397
2013051704,372
2013051705,362
2013051706,363
2013051707,374
2013051708,393
2013051709,418
2013051710,447
2013051711,479
2013051712,512
2013051713,543
2013051714,573
2013051715,600
2013051716,623
2013051717,641
2013051718,654
2013051719,663
2013051720,666
2013051721,666
2013051722,664
2013051723,660
2013051800,572
2013051801,494
2013051802,436
2013051803,396
2013051804,371
2013051805,361
2013051806,362
2013051807,373
2013051808,393
2013051809,418
2013051810,448
2013051811,480
2013051812,513
2013051813,545
2013051814,575
2013051815,602
2013051816,625
2013051817,643
2013051818,657
2013051819,665
2013051820,669
2013051821,669
2013051822,666
2013051823,662
2013051900,570
2013051901,492
2013051902,434
2013051903,394
2013051904,369
2013051905,359
2013051906,361
2013051907,372
2013051908,392
2013051909,418
2013051910,448
2013051911,480
2013051912,513
2013051913,546
2013051914,576
2013051915,603
2013051916,627
2013051917,645
2013051918,659
2013051919,667
2013051920,671
2013051921,671
2013051922,668
2013051923,664
2013052000,567
2013052001,489
2013052002,431
2013052003,391
2013052004,367
2013052005,357
2013052006,359
2013052007,370
2013052008,390
2013052009,416
2013052010,447
2013052011,479
2013052012,513
2013052013,546
2013052014,576
2013052015,604
2013052016,627
2013052017,646
2013052018,660
2013052019,668
2013052020,672
2013052021,672
2013052022,670
2013052023,666
2013052100,564
2013052101,486
2013052102,428
2013052103,388
2013052104,364
2013052105,354
2013052106,356
2013052107,368
2013052108,388
2013052109,414
2013052110,445
2013052111,478
2013052112,511
2013052113,544
2013052114,575
2013052115,603
2013052116,627
2013052117,646
2013052118,660
2013052119,668
2013052120,673
2013052121,673
2013052122,670
2013052123,666
2013052200,560
2013052201,482
2013052202,424
2013052203,384
2013052204,360
2013052205,350
2013052206,352
2013052207,364
2013052208,384
2013052209,411
2013052210,442
2013052211,475
2013052212,509
2013052213,542
2013052214,573
2013052215,601
2013052216,625
2013052217,644
2013052218,658
2013052219,667
2013052220,672
2013052221,672
2013052222,670
2013052223,666
2013052300,556
2013052301,477
2013052302,419
2013052303,379
2013052304,355
2013052305,345
2013052306,347
2013052307,359
2013052308,380
2013052309,407
2013052310,438
2013052311,471
2013052312,505
2013052313,539
2013052314,570
2013052315,598
2013052316,622
2013052317,642
2013052318,656
2013052319,665
2013052320,670
2013052321,670
2013052322,668
2013052323,665
2013052400,551
2013052401,472
2013052402,414
2013052403,373
2013052404,349
2013052405,339
2013052406,341
2013052407,354
2013052408,374
2013052409,401
2013052410,432
2013052411,466
2013052412,500
2013052413,534
2013052414,565
2013052415,594
2013052416,618
2013052417,638
2013052418,652
2013052419,662
2013052420,667
2013052421,667
2013052422,665
2013052423,662
2013052500,545
2013052501,466
2013052502,407
2013052503,367
2013052504,342
2013052505,332
2013052506,334
2013052507,347
2013052508,367
2013052509,394
2013052510,425
2013052511,459
2013052512,493
2013052513,527
2013052514,559
2013052515,588
2013052516,612
2013052517,632
2013052518,647
2013052519,657
2013052520,662
2013052521,663
2013052522,661
2013052523,658
2013052600,539
2013052601,460
2013052602,400
2013052603,359
2013052604,335
2013052605,324
2013052606,326
2013052607,338
2013052608,359
2013052609,386
2013052610,417
2013052611,451
2013052612,485
2013052613,519
2013052614,551
2013052615,580
2013052616,604
2013052617,624
2013052618,639
2013052619,650
2013052620,655
2013052621,656
2013052622,655
2013052623,653
2013052700,533
2013052701,453
2013052702,393
2013052703,351
2013052704,326
2013052705,315
2013052706,317
2013052707,329
2013052708,349
2013052709,376
2013052710,407
2013052711,440
2013052712,475
2013052713,509
2013052714,541
2013052715,570
2013052716,595
2013052717,615
2013052718,630
2013052719,640
2013052720,646
2013052721,648
2013052722,647
2013052723,645
2013052800,526
2013052801,445
2013052802,384
2013052803,342
2013052804,316
2013052805,305
2013052806,306
2013052807,317
2013052808,337
2013052809,364
2013052810,395
2013052811,428
2013052812,463
2013052813,497
2013052814,529
2013052815,557
2013052816,582
2013052817,603
2013052818,618
2013052819,629
2013052820,635
2013052821,638
2013052822,637
2013052823,636
2013052900,519
2013052901,436
2013052902,375
2013052903,331
2013052904,305
2013052905,293
2013052906,293
2013052907,304
2013052908,324
2013052909,350
2013052910,381
2013052911,414
2013052912,448
2013052913,482
2013052914,514
2013052915,543
2013052916,568
2013052917,589
2013052918,604
2013052919,615
2013052920,622
2013052921,625
2013052922,625
2013052923,624
2013053000,511
2013053001,428
2013053002,364
2013053003,320
2013053004,293
2013053005,280
2013053006,279
2013053007,290
2013053008,309
2013053009,334
2013053010,364
2013053011,397
2013053012,431
2013053013,465
2013053014,497
2013053015,526
2013053016,551
2013053017,571
2013053018,587
2013053019,599
2013053020,606
2013053021,609
2013053022,610
2013053023,610
2013053100,503
2013053101,418
2013053102,354
2013053103,308
2013053104,279
2013053105,265
2013053106,264
2013053107,273
2013053108,291
2013053109,316
2013053110,346
2013053111,378
2013053112,412
2013053113,445
2013053114,477
2013053115,505
2013053116,531
2013053117,551
2013053118,568
2013053119,579
2013053120,587
2013053121,590
2013053122,592
2013053123,593
2013060100,447
2013060101,376
2013060102,322
2013060103,283
2013060104,259
2013060105,246
2013060106,245
2013060107,252
2013060108,266
2013060109,285
2013060110,309
2013060111,334
2013060112,360
2013060113,385
2013060114,408
2013060115,429
2013060116,445
2013060117,458
2013060118,466
2013060119,470
2013060120,470
2013060121,467
2013060122,462
2013060123,456
2013060200,467
2013060201,395
2013060202,340
2013060203,301
2013060204,276
2013060205,264
2013060206,262
2013060207,270
2013060208,284
2013060209,305
2013060210,329
2013060211,355
2013060212,382
2013060213,408
2013060214,432
2013060215,454
2013060216,471
2013060217,485
2013060218,494
2013060219,499
2013060220,501
2013060221,498
2013060222,494
2013060223,490
2013060300,484
2013060301,411
2013060302,356
2013060303,316
2013060304,291
2013060305,279
2013060306,277
2013060307,285
2013060308,300
2013060309,321
2013060310,346
2013060311,372
2013060312,400
2013060313,427
2013060314,452
2013060315,475
2013060316,494
2013060317,508
2013060318,519
2013060319,525
2013060320,527
2013060321,525
2013060322,522
2013060323,519
2013060400,499
2013060401,425
2013060402,369
2013060403,329
2013060404,304
2013060405,291
2013060406,290
2013060407,298
2013060408,314
2013060409,335
2013060410,360
2013060411,388
2013060412,416
2013060413,444
2013060414,470
2013060415,493
2013060416,513
2013060417,528
2013060418,539
2013060419,546
2013060420,549
2013060421,549
2013060422,546
2013060423,543
2013060500,511
2013060501,437
2013060502,380
2013060503,340
2013060504,314
2013060505,302
2013060506,301
2013060507,309
2013060508,325
2013060509,347
2013060510,372
2013060511,401
2013060512,430
2013060513,458
2013060514,485
2013060515,509
2013060516,529
2013060517,545
2013060518,557
2013060519,565
2013060520,568
2013060521,568
2013060522,566
2013060523,563
2013060600,521
2013060601,446
2013060602,389
2013060603,348
2013060604,323
2013060605,311
2013060606,310
2013060607,318
2013060608,334
2013060609,357
2013060610,383
2013060611,412
2013060612,441
2013060613,470
2013060614,498
2013060615,522
2013060616,543
2013060617,560
2013060618,572
2013060619,580
2013060620,584
2013060621,585
2013060622,583
2013060623,581
2013060700,530
2013060701,454
2013060702,396
2013060703,356
2013060704,330
2013060705,318
2013060706,317
2013060707,326
2013060708,342
2013060709,365
2013060710,392
2013060711,421
2013060712,451
2013060713,481
2013060714,509
2013060715,534
2013060716,555
2013060717,573
2013060718,586
2013060719,594
2013060720,598
2013060721,599
2013060722,597
2013060723,595
2013060800,536
2013060801,460
2013060802,402
2013060803,361
2013060804,336
2013060805,323
2013060806,323
2013060807,332
2013060808,349
2013060809,372
2013060810,399
2013060811,429
2013060812,459
2013060813,490
2013060814,518
2013060815,544
2013060816,566
2013060817,583
2013060818,597
2013060819,605
2013060820,610
2013060821,611
2013060822,610
2013060823,607
2013060900,542
2013060901,465
2013060902,407
2013060903,366
2013060904,340
2013060905,328
2013060906,328
2013060907,337
2013060908,354
2013060909,378
2013060910,405
2013060911,435
2013060912,467
2013060913,497
2013060914,526
2013060915,552
2013060916,575
2013060917,593
2013060918,606
2013060919,615
2013060920,620
2013060921,621
2013060922,620
2013060923,618
2013061000,546
2013061001,468
2013061002,410
2013061003,369
2013061004,343
2013061005,331
2013061006,331
2013061007,341
2013061008,359
2013061009,382
2013061010,410
2013061011,441
2013061012,473
2013061013,504
2013061014,533
2013061015,560
2013061016,582
2013061017,601
2013061018,614
2013061019,624
2013061020,628
2013061021,630
2013061022,628
2013061023,626
2013061100,548
2013061101,471
2013061102,413
2013061103,371
2013061104,346
2013061105,334
2013061106,334
2013061107,344
2013061108,362
2013061109,386
2013061110,415
2013061111,446
2013061112,478
2013061113,509
2013061114,539
2013061115,566
2013061116,589
2013061117,608
2013061118,622
2013061119,631
2013061120,636
2013061121,637
2013061122,636
2013061123,633
2013061200,550
2013061201,473
2013061202,414
2013061203,373
2013061204,348
2013061205,336
2013061206,336
2013061207,347
2013061208,365
2013061209,389
2013061210,418
2013061211,450
2013061212,482
2013061213,514
2013061214,544
2013061215,571
2013061216,595
2013061217,614
2013061218,628
2013061219,637
2013061220,642
2013061221,643
2013061222,642
2013061223,639
2013061300,551
2013061301,473
2013061302,415
2013061303,374
2013061304,348
2013061305,337
2013061306,338
2013061307,348
2013061308,367
2013061309,392
2013061310,421
2013061311,453
2013061312,486
2013061313,518
2013061314,548
2013061315,576
2013061316,600
2013061317,619
2013061318,633
2013061319,642
2013061320,647
2013061321,648
2013061322,647
2013061323,644
2013061400,551
2013061401,473
2013061402,415
2013061403,374
2013061404,349
2013061405,337
2013061406,338
2013061407,349
2013061408,368
2013061409,394
2013061410,423
2013061411,456
2013061412,489
2013061413,521
2013061414,552
2013061415,580
2013061416,604
2013061417,623
2013061418,637
2013061419,647
2013061420,652
2013061421,653
2013061422,651
2013061423,648
2013061500,550
2013061501,472
2013061502,414
2013061503,373
2013061504,348
2013061505,337
2013061506,338
2013061507,350
2013061508,369
2013061509,395
2013061510,425
2013061511,458
2013061512,491
2013061513,524
2013061514,555
2013061515,583
2013061516,607
2013061517,627
2013061518,641
2013061519,651
2013061520,656
2013061521,657
2013061522,655
2013061523,652
2013061600,549
2013061601,471
2013061602,412
2013061603,372
2013061604,347
2013061605,336
2013061606,338
2013061607,350
2013061608,369
2013061609,396
2013061610,426
2013061611,459
2013061612,493
2013061613,526
2013061614,557
2013061615,586
2013061616,610
2013061617,630
2013061618,644
2013061619,654
2013061620,659
2013061621,660
2013061622,658
2013061623,654
2013061700,547
2013061701,469
2013061702,410
2013061703,370
2013061704,345
2013061705,335
2013061706,337
2013061707,349
2013061708,369
2013061709,395
2013061710,426
2013061711,460
2013061712,494
2013061713,527
2013061714,559
2013061715,588
2013061716,612
2013061717,632
2013061718,647
2013061719,656
2013061720,661
2013061721,662
2013061722,660
2013061723,657
2013061800,544
2013061801,466
2013061802,408
2013061803,367
2013061804,343
2013061805,333
2013061806,335
2013061807,347
2013061808,368
2013061809,395
2013061810,426
2013061811,460
2013061812,494
2013061813,528
2013061814,560
2013061815,589
2013061816,613
2013061817,633
2013061818,648
2013061819,658
2013061820,663
2013061821,664
2013061822,662
2013061823,658
2013061900,541
2013061901,463
2013061902,404
2013061903,364
2013061904,340
2013061905,330
2013061906,333
2013061907,345
2013061908,366
2013061909,393
2013061910,425
2013061911,459
2013061912,494
2013061913,528
2013061914,560
2013061915,589
2013061916,614
2013061917,634
2013061918,649
2013061919,659
2013061920,664
2013061921,665
2013061922,663
2013061923,659
2013062000,537
2013062001,459
2013062002,401
2013062003,360
2013062004,336
2013062005,327
2013062006,330
2013062007,342
2013062008,364
2013062009,391
2013062010,423
2013062011,457
2013062012,492
2013062013,527
2013062014,559
2013062015,589
2013062016,614
2013062017,634
2013062018,649
2013062019,659
2013062020,665
2013062021,665
2013062022,663
2013062023,659
2013062100,533
2013062101,454
2013062102,396
2013062103,356
2013062104,332
2013062105,323
2013062106,326
2013062107,339
2013062108,360
2013062109,388
2013062110,420
2013062111,455
2013062112,490
2013062113,525
2013062114,558
2013062115,587
2013062116,613
2013062117,633
2013062118,648
2013062119,659
2013062120,664
2013062121,665
2013062122,663
2013062123,659
2013062200,528
2013062201,449
2013062202,391
2013062203,351
2013062204,327
2013062205,318
2013062206,321
2013062207,334
2013062208,356
2013062209,384
2013062210,416
2013062211,451
2013062212,487
2013062213,522
2013062214,555
2013062215,584
2013062216,610
2013062217,631
2013062218,646
2013062219,657
2013062220,662
2013062221,663
2013062222,661
2013062223,658
2013062300,522
2013062301,444
2013062302,385
2013062303,345
2013062304,321
2013062305,312
2013062306,315
2013062307,329
2013062308,350
2013062309,378
2013062310,411
2013062311,446
2013062312,482
2013062313,517
2013062314,551
2013062315,581
2013062316,606
2013062317,627
2013062318,643
2013062319,654
2013062320,659
2013062321,661
2013062322,659
2013062323,655
2013062400,517
2013062401,438
2013062402,379
2013062403,338
2013062404,315
2013062405,305
2013062406,308
2013062407,322
2013062408,344
2013062409,372
2013062410,405
2013062411,440
2013062412,476
2013062413,512
2013062414,545
2013062415,575
2013062416,601
2013062417,622
2013062418,638
2013062419,649
2013062420,655
2013062421,657
2013062422,655
2013062423,652
2013062500,510
2013062501,431
2013062502,372
2013062503,331
2013062504,307
2013062505,297
2013062506,301
2013062507,314
2013062508,336
2013062509,364
2013062510,397
2013062511,432
2013062512,469
2013062513,504
2013062514,538
2013062515,568
2013062516,594
2013062517,616
2013062518,632
2013062519,643
2013062520,649
2013062521,651
2013062522,650
2013062523,647
2013062600,504
2013062601,424
2013062602,364
2013062603,323
2013062604,298
2013062605,289
2013062606,291
2013062607,305
2013062608,327
2013062609,355
2013062610,388
2013062611,423
2013062612,459
2013062613,495
2013062614,529
2013062615,559
2013062616,586
2013062617,607
2013062618,624
2013062619,635
2013062620,641
2013062621,644
2013062622,643
2013062623,640
2013062700,496
2013062701,416
2013062702,355
2013062703,314
2013062704,289
2013062705,279
2013062706,281
2013062707,294
2013062708,316
2013062709,344
2013062710,377
2013062711,412
2013062712,448
2013062713,484
2013062714,518
2013062715,548
2013062716,575
2013062717,597
2013062718,614
2013062719,625
2013062720,632
2013062721,634
2013062722,634
2013062723,632
2013062800,489
2013062801,407
2013062802,346
2013062803,304
2013062804,278
2013062805,267
2013062806,269
2013062807,282
2013062808,303
2013062809,331
2013062810,364
2013062811,399
2013062812,435
2013062813,471
2013062814,505
2013062815,535
2013062816,562
2013062817,584
2013062818,601
2013062819,613
2013062820,620
2013062821,623
2013062822,623
2013062823,621
2013062900,481
2013062901,398
2013062902,336
2013062903,293
2013062904,266
2013062905,255
2013062906,256
2013062907,268
2013062908,289
2013062909,317
2013062910,349
2013062911,384
2013062912,420
2013062913,455
2013062914,489
2013062915,520
2013062916,547
2013062917,569
2013062918,586
2013062919,598
2013062920,605
2013062921,609
2013062922,609
2013062923,608
2013063000,473
2013063001,388
2013063002,325
2013063003,281
2013063004,253
2013063005,241
2013063006,242
2013063007,253
2013063008,273
2013063009,300
2013063010,332
2013063011,366
2013063012,402
2013063013,437
2013063014,471
2013063015,502
2013063016,528
2013063017,551
2013063018,568
2013063019,580
2013063020,588
2013063021,592
2013063022,593
2013063023,593
2013070100,428
2013070101,356
2013070102,301
2013070103,262
2013070104,236
2013070105,223
2013070106,221
2013070107,228
2013070108,242
2013070109,262
2013070110,286
2013070111,312
2013070112,339
2013070113,365
2013070114,389
2013070115,411
2013070116,429
2013070117,444
2013070118,454
2013070119,460
2013070120,462
2013070121,461
2013070122,458
2013070123,455
2013070200,449
2013070201,376
2013070202,320
2013070203,280
2013070204,255
2013070205,242
2013070206,240
2013070207,248
2013070208,262
2013070209,283
2013070210,307
2013070211,334
2013070212,361
2013070213,389
2013070214,414
2013070215,437
2013070216,456
2013070217,472
2013070218,483
2013070219,490
2013070220,493
2013070221,493
2013070222,491
2013070223,489
2013070300,466
2013070301,392
2013070302,336
2013070303,296
2013070304,270
2013070305,258
2013070306,256
2013070307,264
2013070308,279
2013070309,300
2013070310,325
2013070311,352
2013070312,381
2013070313,409
2013070314,435
2013070315,459
2013070316,479
2013070317,496
2013070318,508
2013070319,516
2013070320,520
2013070321,520
2013070322,519
2013070323,518
2013070400,481
2013070401,406
2013070402,349
2013070403,309
2013070404,283
2013070405,270
2013070406,269
2013070407,277
2013070408,293
2013070409,314
2013070410,340
2013070411,368
2013070412,397
2013070413,426
2013070414,453
2013070415,478
2013070416,499
2013070417,516
2013070418,529
2013070419,537
2013070420,542
2013070421,544
2013070422,543
2013070423,542
2013070500,493
2013070501,417
2013070502,360
2013070503,319
2013070504,293
2013070505,281
2013070506,280
2013070507,288
2013070508,304
2013070509,326
2013070510,352
2013070511,381
2013070512,411
2013070513,441
2013070514,469
2013070515,494
2013070516,516
2013070517,533
2013070518,547
2013070519,556
2013070520,561
2013070521,563
2013070522,563
2013070523,562
2013070600,502
2013070601,426
2013070602,369
2013070603,328
2013070604,302
2013070605,289
2013070606,288
2013070607,297
2013070608,313
2013070609,336
2013070610,363
2013070611,392
2013070612,423
2013070613,453
2013070614,481
2013070615,507
2013070616,530
2013070617,548
2013070618,562
2013070619,571
2013070620,577
2013070621,579
2013070622,579
2013070623,578
2013070700,510
2013070701,433
2013070702,375
2013070703,334
2013070704,308
2013070705,296
2013070706,295
2013070707,304
2013070708,321
2013070709,344
2013070710,371
2013070711,401
2013070712,432
2013070713,463
2013070714,492
2013070715,519
2013070716,541
2013070717,560
2013070718,574
2013070719,584
2013070720,590
2013070721,593
2013070722,593
2013070723,592
2013070800,515
2013070801,438
2013070802,380
2013070803,339
2013070804,313
2013070805,301
2013070806,300
2013070807,310
2013070808,327
2013070809,350
2013070810,378
2013070811,409
2013070812,440
2013070813,472
2013070814,501
2013070815,528
2013070816,551
2013070817,570
2013070818,585
2013070819,595
2013070820,601
2013070821,604
2013070822,604
2013070823,603
2013070900,519
2013070901,442
2013070902,384
2013070903,343
2013070904,317
2013070905,305
2013070906,304
2013070907,314
2013070908,332
2013070909,356
2013070910,384
2013070911,415
2013070912,447
2013070913,479
2013070914,509
2013070915,536
2013070916,560
2013070917,579
2013070918,594
2013070919,604
2013070920,610
2013070921,613
2013070922,613
2013070923,612
2013071000,522
2013071001,445
2013071002,386
2013071003,345
2013071004,319
2013071005,307
2013071006,307
2013071007,317
2013071008,335
2013071009,360
2013071010,388
2013071011,420
2013071012,452
2013071013,485
2013071014,515
2013071015,543
2013071016,567
2013071017,586
2013071018,601
2013071019,612
2013071020,618
2013071021,621
2013071022,621
2013071023,619
2013071100,524
2013071101,446
2013071102,387
2013071103,346
2013071104,321
2013071105,309
2013071106,309
2013071107,320
2013071108,338
2013071109,363
2013071110,392
2013071111,424
2013071112,457
2013071113,489
2013071114,520
2013071115,548
2013071116,572
2013071117,592
2013071118,608
2013071119,618
2013071120,624
2013071121,627
2013071122,627
2013071123,625
2013071200,524
2013071201,446
2013071202,388
2013071203,346
2013071204,321
2013071205,310
2013071206,310
2013071207,321
2013071208,340
2013071209,365
2013071210,395
2013071211,427
2013071212,460
2013071213,493
2013071214,524
2013071215,553
2013071216,577
2013071217,597
2013071218,613
2013071219,623
2013071220,629
2013071221,632
2013071222,631
2013071223,630
2013071300,524
2013071301,446
2013071302,387
2013071303,346
2013071304,321
2013071305,310
2013071306,311
2013071307,322
2013071308,341
2013071309,367
2013071310,397
2013071311,429
2013071312,463
2013071313,496
2013071314,528
2013071315,556
2013071316,581
2013071317,602
2013071318,617
2013071319,628
2013071320,634
2013071321,636
2013071322,635
2013071323,633
2013071400,522
2013071401,444
2013071402,386
2013071403,345
2013071404,320
2013071405,309
2013071406,310
2013071407,322
2013071408,342
2013071409,368
2013071410,398
2013071411,431
2013071412,465
2013071413,499
2013071414,531
2013071415,559
2013071416,584
2013071417,605
2013071418,620
2013071419,631
2013071420,637
2013071421,639
2013071422,638
2013071423,636
2013071500,520
2013071501,442
2013071502,384
2013071503,343
2013071504,318
2013071505,308
2013071506,310
2013071507,321
2013071508,341
2013071509,368
2013071510,399
2013071511,432
2013071512,467
2013071513,501
2013071514,533
2013071515,562
2013071516,587
2013071517,608
2013071518,623
2013071519,634
2013071520,640
2013071521,642
2013071522,641
2013071523,638
2013071600,518
2013071601,440
2013071602,381
2013071603,341
2013071604,316
2013071605,306
2013071606,308
2013071607,320
2013071608,341
2013071609,368
2013071610,399
2013071611,433
2013071612,468
2013071613,502
2013071614,534
2013071615,564
2013071616,589
2013071617,610
2013071618,625
2013071619,636
2013071620,642
2013071621,644
2013071622,643
2013071623,640
2013071700,514
2013071701,436
2013071702,378
2013071703,338
2013071704,314
2013071705,304
2013071706,306
2013071707,319
2013071708,340
2013071709,367
2013071710,398
2013071711,433
2013071712,468
2013071713,502
2013071714,535
2013071715,565
2013071716,590
2013071717,611
2013071718,627
2013071719,638
2013071720,643
2013071721,645
2013071722,644
2013071723,641
2013071800,511
2013071801,433
2013071802,374
2013071803,334
2013071804,310
2013071805,301
2013071806,303
2013071807,316
2013071808,338
2013071809,365
2013071810,397
2013071811,432
2013071812,467
2013071813,502
2013071814,535
2013071815,565
2013071816,591
2013071817,612
2013071818,628
2013071819,638
2013071820,644
2013071821,646
2013071822,644
2013071823,641
2013071900,506
2013071901,428
2013071902,370
2013071903,330
2013071904,307
2013071905,297
2013071906,300
2013071907,314
2013071908,335
2013071909,363
2013071910,395
2013071911,430
2013071912,466
2013071913,501
2013071914,535
2013071915,565
2013071916,591
2013071917,612
2013071918,628
2013071919,639
2013071920,645
2013071921,646
2013071922,644
2013071923,641
2013072000,502
2013072001,424
2013072002,366
2013072003,326
2013072004,302
2013072005,293
2013072006,296
2013072007,310
2013072008,332
2013072009,360
2013072010,393
2013072011,428
2013072012,464
2013072013,500
2013072014,533
2013072015,564
2013072016,590
2013072017,611
2013072018,627
2013072019,638
2013072020,644
2013072021,645
2013072022,644
2013072023,640
2013072100,497
2013072101,419
2013072102,361
2013072103,321
2013072104,297
2013072105,289
2013072106,292
2013072107,306
2013072108,328
2013072109,356
2013072110,389
2013072111,425
2013072112,461
2013072113,497
2013072114,531
2013072115,562
2013072116,588
2013072117,609
2013072118,626
2013072119,637
2013072120,643
2013072121,644
2013072122,642
2013072123,639
2013072200,491
2013072201,413
2013072202,355
2013072203,315
2013072204,292
2013072205,283
2013072206,287
2013072207,301
2013072208,323
2013072209,352
2013072210,385
2013072211,421
2013072212,458
2013072213,494
2013072214,528
2013072215,558
2013072216,585
2013072217,607
2013072218,623
2013072219,634
2013072220,640
2013072221,642
2013072222,640
2013072223,637
2013072300,486
2013072301,407
2013072302,349
2013072303,309
2013072304,286
2013072305,277
2013072306,281
2013072307,295
2013072308,317
2013072309,346
2013072310,380
2013072311,416
2013072312,453
2013072313,489
2013072314,523
2013072315,554
2013072316,581
2013072317,603
2013072318,619
2013072319,631
2013072320,637
2013072321,638
2013072322,637
2013072323,633
2013072400,480
2013072401,401
2013072402,342
2013072403,302
2013072404,279
2013072405,270
2013072406,274
2013072407,288
2013072408,311
2013072409,340
2013072410,373
2013072411,409
2013072412,447
2013072413,483
2013072414,517
2013072415,548
2013072416,575
2013072417,597
2013072418,614
2013072419,626
2013072420,632
2013072421,634
2013072422,632
2013072423,629
2013072500,473
2013072501,394
2013072502,335
2013072503,295
2013072504,271
2013072505,262
2013072506,266
2013072507,280
2013072508,303
2013072509,332
2013072510,365
2013072511,402
2013072512,439
2013072513,475
2013072514,510
2013072515,541
2013072516,568
2013072517,591
2013072518,608
2013072519,619
2013072520,626
2013072521,628
2013072522,627
2013072523,624
2013072600,466
2013072601,387
2013072602,327
2013072603,287
2013072604,263
2013072605,253
2013072606,257
2013072607,271
2013072608,293
2013072609,323
2013072610,356
2013072611,392
2013072612,430
2013072613,466
2013072614,501
2013072615,532
2013072616,560
2013072617,582
2013072618,599
2013072619,611
2013072620,618
2013072621,620
2013072622,619
2013072623,617
2013072700,460
2013072701,379
2013072702,319
2013072703,278
2013072704,253
2013072705,244
2013072706,247
2013072707,260
2013072708,283
2013072709,312
2013072710,345
2013072711,381
2013072712,419
2013072713,455
2013072714,490
2013072715,522
2013072716,549
2013072717,571
2013072718,589
2013072719,601
2013072720,608
2013072721,611
2013072722,610
2013072723,608
2013072800,452
2013072801,371
2013072802,310
2013072803,268
2013072804,243
2013072805,233
2013072806,235
2013072807,249
2013072808,271
2013072809,299
2013072810,333
2013072811,369
2013072812,406
2013072813,442
2013072814,477
2013072815,509
2013072816,536
2013072817,559
2013072818,576
2013072819,589
2013072820,596
2013072821,599
2013072822,599
2013072823,597
2013072900,445
2013072901,362
2013072902,300
2013072903,257
2013072904,231
2013072905,221
2013072906,223
2013072907,235
2013072908,257
2013072909,285
2013072910,318
2013072911,354
2013072912,391
2013072913,427
2013072914,462
2013072915,493
2013072916,521
2013072917,543
2013072918,561
2013072919,574
2013072920,581
2013072921,585
2013072922,585
2013072923,584
2013073000,437
2013073001,353
2013073002,290
2013073003,246
2013073004,219
2013073005,207
2013073006,208
2013073007,220
2013073008,241
2013073009,269
2013073010,301
2013073011,337
2013073012,373
2013073013,409
2013073014,444
2013073015,475
2013073016,503
2013073017,526
2013073018,543
2013073019,556
2013073020,564
2013073021,568
2013073022,569
2013073023,568
2013073100,430
2013073101,344
2013073102,279
2013073103,234
2013073104,205
2013073105,192
2013073106,192
2013073107,204
2013073108,224
2013073109,250
2013073110,282
2013073111,317
2013073112,353
2013073113,389
2013073114,423
2013073115,454
2013073116,482
2013073117,505
2013073118,523
2013073119,536
2013073120,544
2013073121,548
2013073122,550
2013073123,550
